-- MySQL dump 10.13  Distrib 8.0.18, for Win64 (x86_64)
--
-- Host: localhost    Database: lawuanseafood_db
-- ------------------------------------------------------
-- Server version	8.0.43

/*!40101 SET @OLD_CHARACTER_SET_CLIENT=@@CHARACTER_SET_CLIENT */;
/*!40101 SET @OLD_CHARACTER_SET_RESULTS=@@CHARACTER_SET_RESULTS */;
/*!40101 SET @OLD_COLLATION_CONNECTION=@@COLLATION_CONNECTION */;
/*!50503 SET NAMES utf8mb4 */;
/*!40103 SET @OLD_TIME_ZONE=@@TIME_ZONE */;
/*!40103 SET TIME_ZONE='+00:00' */;
/*!40014 SET @OLD_UNIQUE_CHECKS=@@UNIQUE_CHECKS, UNIQUE_CHECKS=0 */;
/*!40014 SET @OLD_FOREIGN_KEY_CHECKS=@@FOREIGN_KEY_CHECKS, FOREIGN_KEY_CHECKS=0 */;
/*!40101 SET @OLD_SQL_MODE=@@SQL_MODE, SQL_MODE='NO_AUTO_VALUE_ON_ZERO' */;
/*!40111 SET @OLD_SQL_NOTES=@@SQL_NOTES, SQL_NOTES=0 */;

--
-- Table structure for table `customers`
--

DROP TABLE IF EXISTS `customers`;
/*!40101 SET @saved_cs_client     = @@character_set_client */;
/*!50503 SET character_set_client = utf8mb4 */;
CREATE TABLE `customers` (
  `id` int NOT NULL AUTO_INCREMENT,
  `name` varchar(100) NOT NULL,
  `phone` varchar(30) DEFAULT NULL,
  `address` text,
  `latitude` decimal(10,6) DEFAULT NULL,
  `longitude` decimal(10,6) DEFAULT NULL,
  `created_at` timestamp NULL DEFAULT CURRENT_TIMESTAMP,
  `isActive` tinyint(1) NOT NULL DEFAULT '1',
  PRIMARY KEY (`id`)
) ENGINE=InnoDB AUTO_INCREMENT=196 DEFAULT CHARSET=utf8mb4 COLLATE=utf8mb4_0900_ai_ci;
/*!40101 SET character_set_client = @saved_cs_client */;

--
-- Dumping data for table `customers`
--

LOCK TABLES `customers` WRITE;
/*!40000 ALTER TABLE `customers` DISABLE KEYS */;
INSERT INTO `customers` VALUES (1,'Dian Kurniawan','',NULL,-7.609621,110.872106,'2025-12-28 12:12:59',1),(2,'Nada','','PPTQ Insan Kamil',-7.599542,110.930663,'2025-12-28 12:12:59',1),(3,'Erna','','Jaten Aquarium',-7.577133,110.897637,'2025-12-28 12:12:59',1),(4,'hesti Fauziah','',NULL,-7.589732,110.939897,'2025-12-28 12:12:59',1),(5,'tiwi','',NULL,NULL,NULL,'2025-12-28 12:12:59',1),(6,'Indri Puspita','',NULL,-7.586661,110.888590,'2025-12-28 12:12:59',1),(7,'Indah Dian','08233490145',NULL,-7.578047,110.911335,'2025-12-28 17:10:55',1),(8,'Nurul Brawijaya','081329040295',NULL,-7.589812,110.946158,'2025-12-28 17:10:55',1),(9,'Ramadhan Alumunium','081328922040',NULL,-7.605306,110.969138,'2025-12-28 17:10:55',1),(10,'Aninda','08999346372','KPPN Surakarta',-7.559851,110.787336,'2025-12-28 17:10:55',1),(11,'Arinta','082247842123',NULL,-7.536136,110.840790,'2025-12-28 17:10:55',1),(12,'Denisa','082135417872',NULL,-7.588115,110.775428,'2025-12-28 17:10:55',1),(13,'Insyu','082138161519',NULL,-7.566752,110.845221,'2025-12-28 17:10:55',1),(14,'Ramadiani Rafika','082144413274',NULL,-7.602031,110.971628,'2025-12-28 17:10:55',1),(15,'Anista','089518373911','Politeknik Indonusa Surakarta',-7.567856,110.801458,'2025-12-28 17:10:55',1),(16,'Rachel','082112646816',NULL,-7.587120,110.830816,'2025-12-28 17:10:55',1),(17,'Alvin','081385066018','KB Nuri Kids',-7.538147,110.893615,'2025-12-28 17:10:55',1),(18,'Emma','083171046943',NULL,-7.603092,110.928217,'2025-12-28 17:21:38',1),(19,'Nada','085232811959',NULL,-7.605429,110.953758,'2025-12-28 17:21:38',1),(20,'Tari','085692828302',NULL,-7.594325,110.881074,'2025-12-28 17:21:38',1),(21,'Ratnasari','085728176376',NULL,-7.587016,110.946453,'2025-12-28 17:21:38',1),(22,'Fuah','08564745870',NULL,-7.585662,110.945717,'2025-12-28 17:38:34',1),(23,'Ovi','0895337884988','Cathering Hasanah',-7.602053,110.984329,'2025-12-28 17:38:34',1),(24,'Dian','081233419080',NULL,-7.579889,110.941600,'2025-12-28 17:38:34',1),(25,'Donasyifa','085770055076',NULL,-7.587081,110.904547,'2025-12-28 17:38:34',1),(26,'Hesti','085641319478','Deket Klutuk Bekonang',-7.612337,110.869024,'2025-12-28 17:38:34',1),(27,'MA','',NULL,-7.614379,110.964759,'2025-12-28 17:57:48',1),(28,'Gayatri','082136487266',NULL,-7.619112,110.994891,'2025-12-28 17:57:48',1),(29,'Nindya','081329058564',NULL,-7.551020,110.943400,'2025-12-28 17:57:48',1),(30,'Erin/Bu Umi','081329040661',NULL,-7.586163,110.829288,'2025-12-28 17:57:48',1),(31,'Heny','',NULL,-7.563728,110.896041,'2025-12-28 17:57:48',1),(32,'Rosita','082134819088',NULL,-7.575131,110.926725,'2025-12-28 17:57:48',1),(33,'Rexian','085200073669',NULL,-7.572523,110.915240,'2025-12-29 01:36:54',1),(34,'Eka Apriyani','085796066306',NULL,-7.646419,111.049586,'2025-12-29 01:36:54',1),(35,'Theresia','082225199128',NULL,-7.549199,110.853115,'2025-12-29 01:36:54',1),(36,'Ova','',NULL,-7.573658,110.899386,'2025-12-29 01:36:54',1),(37,'Sandra','082221056207',NULL,-7.585451,110.911629,'2025-12-29 01:36:54',1),(38,'Aulia','081994599899','Perum Safira Asri Tasikmadu No. E8',-7.576776,110.909173,'2025-12-31 05:07:23',1),(39,'Wahyu/Lina','085226127899','Putra Mandiri Farm',-7.382208,111.057255,'2026-01-01 15:17:54',1),(40,'Oliv','082221964717','Belakang RSUD Sragen',-7.419759,111.039377,'2026-01-01 15:17:54',1),(41,'Septika Yuji','085800053736','COD Masaran',-7.473143,110.928114,'2026-01-01 15:17:54',1),(42,'Siska','085702208000','Warung Hik Tenda Biroe',-7.425989,111.014849,'2026-01-01 15:17:54',1),(43,'Fitrian','08987602394','COD exit tol pungkruk',-7.435594,110.986127,'2026-01-01 15:17:54',1),(44,'Annisa','081252466943','Depan SDN Puro 1',-7.446151,111.026107,'2026-01-01 15:17:54',1),(45,'Lia','085702091206','Beau.organic ',-7.419616,111.021042,'2026-01-01 23:30:30',1),(46,'Herlina','081226234733','',-7.419676,111.035398,'2026-01-01 23:41:37',1),(47,'Aulia Mega','085700083299','Kos Putri D Fatin',-7.551482,110.862744,'2026-01-02 00:12:34',1),(48,'Madam V','081285183331','',-7.412630,111.027890,'2026-01-02 00:14:41',1),(49,'Venna','085601677459','',-7.484162,111.047955,'2026-01-02 04:14:31',1),(50,'Indah Sari Murni','085786073958','Griya Aldena 1 Loh Agung No. 17',-7.563062,110.896054,'2026-01-02 04:20:44',1),(51,'Khusnul Luci','085719795593','Kerja SMAN 2 Kra',-7.617918,110.925103,'2026-01-03 01:45:36',1),(52,'Rachma Ayu','081336662350','Mamaneys Bakery',-7.453234,111.021237,'2026-01-03 17:02:51',1),(53,'Wisnu Andadari','081227644922','',-7.594226,110.945302,'2026-01-03 17:02:51',1),(54,'Kharisma Wijayanti','081566438866','',-7.415261,111.037644,'2026-01-03 17:02:51',1),(55,'Riza','081321091020','',-7.708223,111.053252,'2026-01-03 17:06:59',1),(56,'Meiyana','08562524556','Kantor Dinas Kesehatan Kab. Sragen',-7.429065,111.014365,'2026-01-03 17:09:50',1),(57,'Isnawati Muslihah','085880424310','',-7.602828,110.927827,'2026-01-04 00:49:03',1),(58,'Retno','085799683799','Belakang RS Mata',-7.548033,110.779401,'2026-01-04 00:52:10',1),(59,'Sasmita','082221982622','Maguan (Barat Intanpari)',-7.589041,110.950129,'2026-01-04 01:02:12',1),(60,'Dafa','081904559183','Garasi Bus',-7.581926,110.931513,'2026-01-04 07:56:53',1),(61,'Vaveda','081284151585','',-7.650870,110.830033,'2026-01-05 16:25:59',1),(62,'Philip','081330675352','Jl. Debegan no. 6 (Gua Maria) Mojosongo',-7.546377,110.840543,'2026-01-05 16:25:59',1),(63,'Stephanie','081249777597','',-7.559909,110.813714,'2026-01-05 16:25:59',1),(64,'Safira','083892631648','Blok A2',-7.595688,110.925329,'2026-01-05 16:40:35',1),(65,'Erida','081234932317','',-7.584787,110.832332,'2026-01-05 16:40:35',1),(66,'Dian Laras','088229534186','Laraswara Wellness Spa',-7.585901,110.824680,'2026-01-05 16:40:35',1),(67,'Ahzan','0857867685666','DPMPTSP Sukoharjo',-7.665699,110.835502,'2026-01-05 16:40:35',1),(68,'Nana Dinarwati','08561959561','Gedung Direktorat',-7.545368,110.835974,'2026-01-05 16:40:35',1),(69,'Febbry Andari','082225213926','Belakang Titoti',-7.589986,110.931680,'2026-01-05 17:00:12',1),(70,'Rizky','085726423216','',-7.576423,110.880187,'2026-01-05 17:00:12',1),(71,'Eka','082298714566','',-7.600971,110.953290,'2026-01-05 17:00:12',1),(72,'Carolina','085225277388','',-7.667220,110.829738,'2026-01-05 17:00:12',1),(73,'Ardhi','085842909076','',-7.588604,110.947261,'2026-01-05 17:00:12',1),(74,'Liza','082111715896','',-7.591363,110.922067,'2026-01-05 17:00:12',1),(75,'Ratna','089651703','Naira 3 Residence',-7.613899,110.786872,'2026-01-05 17:00:12',1),(76,'Wanda','089515501222',NULL,-7.580680,110.880164,'2026-01-06 07:20:38',1),(77,'Adnanda Yuanggusti','0856642155300',NULL,-7.603295,110.941050,'2026-01-06 07:20:38',1),(78,'Farah','085216055552',NULL,-7.562373,110.830656,'2026-01-06 07:20:38',1),(79,'Dika','0858550665579',NULL,-7.433613,111.027497,'2026-01-06 07:20:38',1),(80,'Nabil','081229306908',NULL,-7.575016,110.895886,'2026-01-06 07:20:38',1),(81,'Fuah','085728562472',NULL,-7.654940,110.834198,'2026-01-06 07:20:38',1),(82,'Santi','085643800997',NULL,-7.561665,111.009949,'2026-01-06 07:20:38',1),(83,'Dias','087746461000',NULL,-7.670735,110.894913,'2026-01-06 07:20:38',1),(84,'Elyna Nur','081393591005','Beautyofel MUA Solo',-7.571102,110.811908,'2026-01-06 19:23:23',1),(85,'Apriliana Fitriana','081289467795','Griya Edelweis F3',-7.610792,110.786992,'2026-01-06 19:23:23',1),(86,'Silfi','082141327205','',-7.598444,110.856224,'2026-01-07 01:47:06',1),(87,'Dewi Kusuma','08998672621','Dapoer Zayid',-7.555400,110.834077,'2026-01-07 09:08:45',1),(88,'Ibu Lila','083159721616','',-7.530910,110.825928,'2026-01-07 09:10:29',1),(89,'Qori','08991136929','',-7.626515,110.850949,'2026-01-07 09:25:09',1),(90,'Silma','08572771020','Sanggar Rias Arya',-7.395073,110.821081,'2026-01-07 13:17:53',1),(91,'Aini Dhuha','081215286956','',-7.424425,111.013890,'2026-01-09 01:39:39',1),(92,'Dili (Pegadaian)','','Pegadaian Terminal Bejen',-7.604174,110.971822,'2026-01-09 01:51:32',1),(93,'Dimas','','Armey Kitchen',-7.573273,110.823257,'2026-01-09 01:53:46',1),(94,'Maria Mandalena','','',-7.593511,110.944251,'2026-01-09 01:55:31',1),(95,'Nuraini','','Matesih (not sure lat lon)',-7.633438,111.053094,'2026-01-09 02:27:15',1),(96,'Erika (SPO)','','Tegalwinangung',-7.602572,110.968087,'2026-01-10 14:00:45',1),(97,'Rena (Deket UNS)','','',-7.554322,110.860880,'2026-01-10 14:04:24',1),(98,'Rizka','','',NULL,NULL,'2026-01-11 00:20:18',1),(99,'Minhwa','','',NULL,NULL,'2026-01-11 00:20:43',1),(100,'Reni','','',NULL,NULL,'2026-01-11 00:20:50',1),(101,'Latif (tegalwinangun)','','',NULL,NULL,'2026-01-11 00:24:52',1),(102,'Setiawan Budi','','',NULL,NULL,'2026-01-11 00:25:39',1),(103,'dekput','','',NULL,NULL,'2026-01-11 00:41:40',1),(104,'Resti','','',NULL,NULL,'2026-01-11 00:41:56',1),(105,'Sekarayu','085728242840','',-7.536047,110.846416,'2026-01-12 05:41:53',1),(106,'TYAS','08118303395','Depan Kecamatan Grogol, Tambak',-7.601963,110.821852,'2026-01-12 05:43:08',1),(107,'Anung Aulia Malik','0895363016269','Banyuanyar (dekat Graha Saba Buana)\r\n',-7.544443,110.806160,'2026-01-12 05:44:47',1),(108,'Febia Fery','082225816025','Perum Graha Sejahtera, No. 2 04/11',-7.542572,110.619800,'2026-01-12 05:46:33',1),(109,'Lala (VJ)','085215113149','',NULL,NULL,'2026-01-12 05:47:27',1),(110,'Sistha Fitri','085647057314','',-7.542875,110.911087,'2026-01-12 05:48:41',1),(111,'byl Vira','085779277452','Perumahan Griya Bumi Boyolali E03',-7.541981,110.628275,'2026-01-12 05:51:50',1),(112,'Yunica','082145785767','Jl. Wahyu Tumurun No.11, Bumi, Kec. Laweyan, Kota Surakarta',-7.567898,110.798736,'2026-01-12 05:54:01',1),(113,'Shera','085643229117','Jl. Mawar No.1, Dusun I, Kadilangu, Baki, Sukoharjo,',-7.605001,110.788755,'2026-01-12 10:24:40',1),(114,'Devina (Solo Baru)','','',-7.611122,110.814451,'2026-01-12 15:35:42',1),(115,'Sri Handayani','','COD Alun2 Sragen',-7.428212,111.023458,'2026-01-12 23:00:45',1),(116,'Selvi Indrayani','082135530052','Jl Kenari II Blok O No. 6B, Langenharjo, Grogol, Sukoharjo',-7.608096,110.814175,'2026-01-12 23:15:17',1),(117,'Dyah ( Mama Genta)','082220533873','Senotono, Gemantar, Jumantono, Karanganyar',-7.675304,111.031706,'2026-01-13 01:33:23',1),(118,'Iradna Luwakit','085870971739','Toko Obat Lotus (Jl. Adi Sumarmo, , Ngabeyan, Kartasura, Sukoharjo)',-7.543565,110.744808,'2026-01-13 01:40:43',1),(119,'Bu Ningrum','08886701770','Perum Kalingga',-7.548063,110.919855,'2026-01-13 01:44:27',1),(120,'Prisca Nanda','0895616116912','Masaran (COD Indomaret Fresh)',-7.537596,110.895586,'2026-01-13 01:47:11',1),(121,'Nurul Saidah','082233059779','Ngringin 02/05 Girimulyo, Ngargoyoso',-7.618459,111.124858,'2026-01-13 01:50:39',1),(122,'Gisa','089620702188','Dekat Pasar Tawangmangu\r\n',-7.668931,111.120644,'2026-01-13 02:09:07',1),(123,'Anik','081393832658','Cangakan Timur, Cangakan, Karanganyar',-7.592185,110.945806,'2026-01-13 05:45:47',1),(124,'Septi','081234655587','Kelipan, Gagaksipat, Ngemplak, Boyolali',-7.521188,110.769209,'2026-01-13 05:48:30',1),(125,'Siwi Arum Putri','081295052484','',NULL,NULL,'2026-01-13 06:30:17',1),(126,'Gesty Zenerra','082137502555','Banyu Biru Residence, No A2',-7.535612,110.766416,'2026-01-13 06:41:57',1),(127,'Arfianis','085642208175','Kadipiro, Banjarsari, Surakarta',-7.531245,110.821556,'2026-01-13 13:16:33',1),(128,'Srg Wina','0851038626685','Toko Listrik Putra Murah, Jl. Letjen Sutoyo Ruko Pasar Krapyak No.4, Kebayanan Krajoyok, Sragen Wetan, Sragen',-7.417506,111.028093,'2026-01-14 02:28:27',1),(129,'Anisa Diniar','085602078204','Kos Agnes Rubiyati, Kajen, RT.04/RW.IV, Grogol, Sukoharjo',-7.607518,110.822537,'2026-01-14 03:10:51',1),(130,'Sahnaz','089526505076','COD Alun2 Sukoharjo',-7.682357,110.840020,'2026-01-14 11:44:56',1),(131,'Anggraensp','082134134132','Jl. Griya Bulakrejo A No.37, Bulakrejo, Sukoharjo',-7.647610,110.828812,'2026-01-14 11:49:39',1),(132,'Isti Sinar Kosmetik','085158111080','Sinar Kosmetik Karanganyar 2',-7.592457,110.936582,'2026-01-14 11:52:51',1),(133,'Shalma Mia','082138202033','Sebelum Pasar Karangpandan (Setelah Pabrik dalaman ngemplak ngiri)',-7.617131,111.044528,'2026-01-14 11:56:00',1),(134,'Nadira','082260008394','Perumahan solo elok blok C no. 26, jalan puntadewa raya, mojosongo, jebres, surakarta',-7.550682,110.845869,'2026-01-14 12:18:16',1),(135,'Sita','082134374347','',NULL,NULL,'2026-01-15 02:14:35',1),(136,'NR Polres','085786798422','Polres Karanganyar',-7.596254,110.947720,'2026-01-15 02:18:01',1),(137,'Alvianita','085257898998','Pojok, Mojogedang, Karanganyar',-7.575770,111.015601,'2026-01-15 10:35:01',1),(138,'Andham Dewi','081219012263','Dishub Kab. Karanganyar. Ngaliyan, Lalung, Karanganyar',-7.613773,110.948001,'2026-01-16 12:33:21',1),(139,'Sularto','','',-7.650549,111.050373,'2026-01-16 12:34:03',1),(140,'Karin','082135007101','Ngleseo, Pandeyan, Grogol, Sukoharjo',-7.633003,110.850465,'2026-01-16 16:16:22',1),(141,'Ayumi','082279974856','Dusun I, Karangjati, Kec. 9, Sragen',-7.426986,110.814626,'2026-01-16 16:19:16',1),(142,'Arek Pawon (Galuh)','087872481765','Karang Wetan, Papahan, Tasikmadu, Karanganyar',-7.584724,110.934151,'2026-01-16 16:22:40',1),(143,'Evi','082225563940','Pakis, Genengan, Jumantono, Karanganyar',-7.658877,111.013606,'2026-01-16 16:26:08',1),(144,'Caa','085225611552','',-7.592304,110.973700,'2026-01-16 16:27:51',1),(145,'Vani','081284919863','',-7.588587,110.944336,'2026-01-16 16:31:04',1),(146,'Annisa Lutfia','08995375892','Krendetan, Jl. Dr. Supomo, Krenderan, Sukoharjo',-7.673445,110.829720,'2026-01-16 18:48:10',1),(147,'Dwinita','0853257668871','Bowan, Kudu, Baki, Sukoharjo',-7.619692,110.790053,'2026-01-18 01:51:14',1),(148,'Ravi Nadia','08980653838','Jl. Lkr. Sel. Karanganyar No.2/15, Banaran, Jantiharjo, Karanganyar',-7.616423,110.956325,'2026-01-18 01:52:39',1),(149,'Dytha','085878720100','Jl. Pelangi Tengah No.01, RT.01/RW.28, Mojosongo, Jebres, Kota Surakarta',-7.535024,110.847678,'2026-01-18 01:55:22',1),(150,'Chandrika Sekar','085877682919','Jl. Dr.Cipto Mangun Kusumo, Beji, Bejen, Karanganyar, Karanganyar',-7.595936,110.954507,'2026-01-18 02:01:02',1),(151,'MManusia','088221168616','COD RSUD Ngipang',-7.527358,110.813105,'2026-01-18 02:11:36',1),(152,'John Doe Updated','08123456789','Jakarta Barat',-6.174500,106.822700,'2026-01-18 03:36:10',0),(153,'Fita','089506568585','Dipan, Mranggen, Polokarto, Sukoharjo',-7.638035,110.897766,'2026-01-19 01:32:11',1),(154,'Kiikii','08115984605','Kadipiro, RT.02/RW.9, Bejen, Kabupaten Karanganyar',-7.602092,110.968961,'2026-01-20 03:53:50',1),(155,'Hanifa','082135566414','Wisma Desy, Cangakan Barat, Cangakan, Karanganyar',-7.593824,110.937633,'2026-01-21 04:14:49',1),(156,'Nunn/Najmi','085759082510','Ponpes Salman Al-Farisi putri & Kuttab, Tembok, Harjosari, Karangpandan, Karanganyar',-7.606524,111.070306,'2026-01-21 04:19:37',1),(157,'Retnowati','082223198900','Karang Wetan, Karang, Karangpandan, Karanganyar',-7.636652,111.106128,'2026-01-21 04:21:35',1),(158,'Amelia Agustin','0895328050482','Jl. Gurita Jl. Lawu, Bejen, Karanganyar',-7.600313,110.966537,'2026-01-21 04:24:10',1),(159,'Gisa TW','089620702188','Rumah Goza, Jl. Ledoksari, Nano, Tawangmangu',-7.671160,111.117514,'2026-01-21 04:26:25',1),(160,'Uniriasw','085257113623','RT.02/RW.01, Cangakan Timur, Cangakan, Karanganyar',-7.592906,110.947519,'2026-01-21 09:25:33',1),(161,'Windi','','Puskermas Gambirsari, Jl. Kelud Barat, RT.3/RW.4, Joglo, Banjarsari, Kota Surakarta',-7.544719,110.827778,'2026-01-22 06:05:13',1),(162,'Arum Uswatun','085869771484','Jl. Sukowati No.534, Ngrandu, Nglorog, Sragen',-7.418870,111.038814,'2026-01-23 10:35:31',1),(163,'Shelia','088216748604','Selokaton, Kec. Gondangrejo, Karanganyar',-7.501550,110.815746,'2026-01-23 10:38:36',1),(164,'Yudit Yclei','081225919822','Solo Baru',-7.608147,110.814276,'2026-01-23 10:41:30',1),(165,'Arwina','081217781660','Belakang STIE Makamhaji',-7.566248,110.780293,'2026-01-23 10:44:47',1),(166,'Srg Rizza','085747576896','Ngrandu, Nglorog, Sragen',-7.420608,111.039246,'2026-01-23 10:47:24',1),(167,'Fauziani Azka','08156751679','Arafat Photocopy, Jalan Brigjen Slamet Riyadi No.57 Krapyak, Dusun Kebayanan Krajoyok, Sragen Wetan, Kec. Sragen, Kabupaten Sragen',-7.422673,111.028053,'2026-01-23 10:49:49',1),(168,'Bernadheta','081225972567','Mojosongo, Jebres, Surakarta City, Central Java 57127',-7.541014,110.843340,'2026-01-23 10:52:45',1),(169,'Dhiena SakinahBabyFood','0818531753','3 no A-9, jalan anggrek Jl. Raya Solo Baru, Dusun III, Madegondo, Kec. Grogol, Kabupaten Sukoharjo, Jawa Tengah 57552',-7.604559,110.816877,'2026-01-23 10:54:14',1),(170,'KRAy. Sueryo','081298666295','Fajar Indah, Jl. Mawar Barat XII No.8, Baturan, Colomadu, Karanganyar Regency, Central Java 57171',-7.545350,110.791097,'2026-01-23 10:56:47',1),(171,'Bowiek','085669894478','HX8V+MWW, Jl. Maospati - Solo, Kebayan 2, Jetak, Kec. Sidoharjo, Kabupaten Sragen, Jawa Tengah 57213',-7.433296,110.994831,'2026-01-23 11:54:32',1),(172,'Atika Ayu','083846148120','Puspan, Blulukan, Colomadu, Karanganyar',-7.542545,110.779350,'2026-01-23 12:01:17',1),(173,'A. Putri Alifah','088232152195','Kebayanan 2, Jati, Masaran, Sragen',-7.478830,110.923652,'2026-01-23 12:05:53',1),(174,'Aulia','0895366003323','Alun-alun Sukoharjo Kota',-7.682415,110.840325,'2026-01-23 13:29:30',1),(175,'Imroatus','082231239246','Jl. Kelono 45, Ps. Kliwon, Kec. Ps. Kliwon, Surakarta',-7.583229,110.827600,'2026-01-23 13:32:31',1),(176,'Tiyasys','082237079890','COD Pom Bensin Klodran',-7.534730,110.792382,'2026-01-23 13:37:28',1),(177,'Winda Cantik','087771943677','Jl. Rajawali V No. 08, Perum Candi Baru, Gonilan, Kartasuro',-7.552327,110.765595,'2026-01-23 13:48:25',1),(178,'Vita Suharto','081231839835','Jl. Pandan VIII, Baturan, Colomadu, Karanganyar',-7.543067,110.788264,'2026-01-23 13:52:06',1),(179,'Arinta Dewi','08224327442','Surowedana, Pulisen, Boyolali',-7.532236,110.596241,'2026-01-23 14:29:38',1),(180,'Peni Bibis Luhur','081297375653','Bibis Luhur, RT.004/RW.22, Nusukan, Kec. Banjarsari, Kota Surakarta',-7.547360,110.835510,'2026-01-23 14:33:17',1),(181,'Devina Metuk','082330671861','Nglerep, Metuk, Mojosongo, Boyolali Regency, Central Java 57322',-7.507866,110.629746,'2026-01-23 14:40:58',1),(182,'Indri Eka Saraswati','08996474207','Jl. Rajawali No.25, Karangkepoh, Banaran, Kec. Boyolali, Kabupaten Boyolali',-7.525622,110.602725,'2026-01-23 15:19:25',1),(183,'Riry','082233611850','Jl. Veteran No.6, Dusun I, Singopuran, Kec. Kartasura, Kabupaten Sukoharjo, Jawa Tengah 57164',-7.546606,110.744817,'2026-01-23 16:35:24',1),(184,'Ruth Haningtyas','085643433705','Brontowiryan, Ngabeyan, Kartasura, Sukoharjo Regency, Central Java',-7.549057,110.735430,'2026-01-23 16:36:01',1),(185,'dwiayurizkiyah','082257916725','Slamet Riyadi St No.135-137, Kemlayan, Serengan, Surakarta)',-7.570765,110.822984,'2026-01-23 23:58:59',1),(186,'Fatimah Wahidah','082241136705','Jl. Gotong Royong No.92B, Jebres, Surakarta',-7.572382,110.841575,'2026-01-24 00:46:59',1),(187,'Nurul','085743152294','jl. Veteran rt01/rw05, Gg. Gasan, Ganggasan Rw. 5, Demakan, Mojolaban, Sukoharjo',-7.597126,110.878973,'2026-01-24 02:52:57',1),(188,'Nia','082138441981','Ganggasan, Demakan, Mojolaban, Pd. Rw. 4, Demakan, Sukoharjo, Kabupaten Sukoharjo, Jawa Tengah 57554',-7.597902,110.875876,'2026-01-24 02:58:48',1),(189,'Ninis','082313080311','Sawah, Jati, Jaten, Karanganyar Regency, Central Java',-7.604044,110.926992,'2026-01-24 03:02:17',1),(190,'Rosita','08812925431','Jl. Purwosari, Dayu, Jurangjero, Kec. Karangmalang, Kabupaten Sragen, Jawa Tengah 57222',-7.462603,110.973879,'2026-01-24 05:08:09',1),(191,'Dyah Cipta','089653300199','Follow Up Kartasura',-7.561104,110.748436,'2026-01-24 05:10:51',1),(192,'Alda Yusnaviza','089674438848','Follow Up Kartasura',-7.582660,110.800619,'2026-01-24 05:12:14',1),(193,'Anisa Rahma','081393735222','Kepatihan Kulon, Kec. Jebres, Kota Surakarta',-7.565535,110.828697,'2026-01-24 07:35:25',1),(194,'Joice Samosir','085282955037','Dusun I, Madegondo, Grogol, Sukoharjo',-7.600121,110.810134,'2026-01-24 07:38:23',1),(195,'Bayu Aji','','Jl. Gajahmada, Titang, Tegalgede, Karanganyar',-7.603470,110.965983,'2026-01-24 12:34:26',1);
/*!40000 ALTER TABLE `customers` ENABLE KEYS */;
UNLOCK TABLES;

--
-- Table structure for table `delivery_routes`
--

DROP TABLE IF EXISTS `delivery_routes`;
/*!40101 SET @saved_cs_client     = @@character_set_client */;
/*!50503 SET character_set_client = utf8mb4 */;
CREATE TABLE `delivery_routes` (
  `id` int NOT NULL AUTO_INCREMENT,
  `route_date` date NOT NULL,
  `driver_id` int DEFAULT NULL,
  `order_id` int DEFAULT NULL COMMENT 'NULL when customer picks up at store',
  `delivery_price` decimal(10,2) DEFAULT '0.00' COMMENT 'Delivery fee charged to customer',
  `start_lat` decimal(10,6) DEFAULT NULL,
  `start_lng` decimal(10,6) DEFAULT NULL,
  `status` enum('pending','in_progress','completed','cancelled') DEFAULT 'pending',
  `created_at` timestamp NULL DEFAULT CURRENT_TIMESTAMP,
  `updated_at` timestamp NULL DEFAULT CURRENT_TIMESTAMP ON UPDATE CURRENT_TIMESTAMP,
  PRIMARY KEY (`id`),
  KEY `driver_id` (`driver_id`),
  KEY `order_id` (`order_id`),
  KEY `route_date` (`route_date`),
  CONSTRAINT `delivery_routes_ibfk_1` FOREIGN KEY (`driver_id`) REFERENCES `users` (`id`),
  CONSTRAINT `delivery_routes_ibfk_2` FOREIGN KEY (`order_id`) REFERENCES `orders` (`id`) ON DELETE SET NULL
) ENGINE=InnoDB DEFAULT CHARSET=utf8mb4 COLLATE=utf8mb4_0900_ai_ci;
/*!40101 SET character_set_client = @saved_cs_client */;

--
-- Dumping data for table `delivery_routes`
--

LOCK TABLES `delivery_routes` WRITE;
/*!40000 ALTER TABLE `delivery_routes` DISABLE KEYS */;
/*!40000 ALTER TABLE `delivery_routes` ENABLE KEYS */;
UNLOCK TABLES;

--
-- Table structure for table `order_items`
--

DROP TABLE IF EXISTS `order_items`;
/*!40101 SET @saved_cs_client     = @@character_set_client */;
/*!50503 SET character_set_client = utf8mb4 */;
CREATE TABLE `order_items` (
  `id` int NOT NULL AUTO_INCREMENT,
  `order_id` int NOT NULL,
  `product_id` int NOT NULL,
  `quantity` decimal(10,2) NOT NULL,
  `buy_price` decimal(10,2) NOT NULL,
  `sell_price` decimal(10,2) NOT NULL,
  PRIMARY KEY (`id`),
  KEY `order_id` (`order_id`),
  KEY `product_id` (`product_id`),
  CONSTRAINT `order_items_ibfk_1` FOREIGN KEY (`order_id`) REFERENCES `orders` (`id`),
  CONSTRAINT `order_items_ibfk_2` FOREIGN KEY (`product_id`) REFERENCES `products` (`id`)
) ENGINE=InnoDB AUTO_INCREMENT=361 DEFAULT CHARSET=utf8mb4 COLLATE=utf8mb4_0900_ai_ci;
/*!40101 SET character_set_client = @saved_cs_client */;

--
-- Dumping data for table `order_items`
--

LOCK TABLES `order_items` WRITE;
/*!40000 ALTER TABLE `order_items` DISABLE KEYS */;
INSERT INTO `order_items` VALUES (1,1,13,0.50,76000.00,100000.00),(2,2,17,1.00,47500.00,70000.00),(3,2,22,1.00,60000.00,75000.00),(4,3,54,1.00,30000.00,55000.00),(5,3,13,1.50,76000.00,100000.00),(6,4,20,1.00,55000.00,76000.00),(7,4,21,1.00,63000.00,85000.00),(8,5,2,0.50,41000.00,57000.00),(9,5,24,1.00,36000.00,66000.00),(10,6,29,1.00,80500.00,95000.00),(11,7,29,1.00,80500.00,95000.00),(12,7,11,0.25,95000.00,132000.00),(13,8,11,1.00,95000.00,115000.00),(14,9,24,0.50,36000.00,68000.00),(15,9,51,1.00,40000.00,60000.00),(16,10,34,1.00,28000.00,40000.00),(17,10,35,1.00,33500.00,50000.00),(18,10,11,0.50,95000.00,132000.00),(19,11,26,1.00,80500.00,95000.00),(20,12,34,1.00,28000.00,40000.00),(21,12,16,0.50,45000.00,68000.00),(22,12,24,0.50,36000.00,66000.00),(23,13,26,0.25,80500.00,105000.00),(24,13,24,0.50,36000.00,66000.00),(25,14,2,0.50,41000.00,57000.00),(26,14,11,0.50,95000.00,132000.00),(27,14,26,0.25,80500.00,105000.00),(28,14,20,0.50,55000.00,78000.00),(29,15,24,0.50,36000.00,66000.00),(30,15,50,1.00,34500.00,50000.00),(31,16,4,0.25,60000.00,104000.00),(32,16,6,1.00,20000.00,40000.00),(33,16,51,1.00,40000.00,60000.00),(34,16,24,0.50,36000.00,68000.00),(35,17,19,1.00,55000.00,76000.00),(36,17,2,1.00,41000.00,55000.00),(37,18,24,0.50,36000.00,68000.00),(38,18,21,0.50,63000.00,87000.00),(39,18,23,0.50,63000.00,87000.00),(40,19,25,0.50,108000.00,132000.00),(41,19,51,1.00,40000.00,60000.00),(42,19,4,0.25,60000.00,100000.00),(43,19,24,0.50,36000.00,68000.00),(44,19,43,0.50,48000.00,60000.00),(45,20,25,0.50,108000.00,132000.00),(46,20,21,0.50,63000.00,85000.00),(47,20,13,0.50,76000.00,102000.00),(48,21,1,0.50,52000.00,67000.00),(49,21,13,0.25,76000.00,102000.00),(50,21,24,0.50,36000.00,66000.00),(51,21,50,0.25,34500.00,50000.00),(52,21,43,0.25,48000.00,60000.00),(53,21,51,1.00,40000.00,60000.00),(54,21,20,0.50,55000.00,78000.00),(55,22,1,0.50,52000.00,67000.00),(56,22,24,0.50,36000.00,66000.00),(57,23,25,0.50,108000.00,132000.00),(58,23,18,1.00,55000.00,70000.00),(59,24,25,0.50,108000.00,132000.00),(60,24,51,1.00,40000.00,60000.00),(61,24,43,0.50,48000.00,60000.00),(62,24,1,0.50,52000.00,67000.00),(63,25,14,0.50,65000.00,90000.00),(64,25,51,1.00,40000.00,60000.00),(65,25,48,1.00,31000.00,50000.00),(66,26,17,0.95,47500.00,70000.00),(67,26,1,1.00,52000.00,65000.00),(68,26,43,0.48,48000.00,60000.00),(69,26,50,0.51,34500.00,50000.00),(70,27,1,0.50,52000.00,65000.00),(71,28,34,1.00,28000.00,40000.00),(72,28,2,0.50,41000.00,55000.00),(73,28,24,0.50,36000.00,66000.00),(74,29,1,0.50,52000.00,67000.00),(75,29,24,0.50,36000.00,68000.00),(76,29,32,0.30,65000.00,85000.00),(77,30,13,1.00,76000.00,100000.00),(78,30,26,0.50,80500.00,97000.00),(79,31,2,1.00,41000.00,55000.00),(80,31,24,1.00,36000.00,66000.00),(81,31,26,0.50,80500.00,95000.00),(82,32,1,0.50,52000.00,67000.00),(83,32,50,0.52,34500.00,50000.00),(84,33,24,0.50,36000.00,68000.00),(85,33,23,0.50,63000.00,87000.00),(86,33,21,0.50,63000.00,87000.00),(87,33,20,0.50,55000.00,78000.00),(88,34,14,0.25,65000.00,94000.00),(89,34,26,0.25,80500.00,99000.00),(90,35,48,1.00,31000.00,50000.00),(91,36,24,0.50,36000.00,68000.00),(92,36,48,0.50,31000.00,52000.00),(93,36,49,0.50,33750.00,52000.00),(94,37,2,0.50,41000.00,57000.00),(95,38,39,3.00,34000.00,50000.00),(96,38,49,3.00,33750.00,50000.00),(97,39,13,0.50,76000.00,102000.00),(98,39,14,0.25,65000.00,100000.00),(99,39,11,0.25,95000.00,132000.00),(100,40,20,1.00,55000.00,76000.00),(101,40,1,0.50,52000.00,67000.00),(102,41,1,0.50,52000.00,67000.00),(103,42,24,1.00,36000.00,66000.00),(104,42,8,1.00,27500.00,40000.00),(105,42,1,1.00,52000.00,65000.00),(106,43,48,1.00,31000.00,50000.00),(107,43,50,1.16,34500.00,50000.00),(108,44,2,0.50,41000.00,57000.00),(109,44,24,0.50,36000.00,66000.00),(110,45,25,0.50,108000.00,130000.00),(111,45,17,1.00,47500.00,70000.00),(112,45,14,0.50,65000.00,90000.00),(113,45,21,0.50,63000.00,85000.00),(114,46,25,0.50,108000.00,130000.00),(115,47,35,1.00,33500.00,50000.00),(116,47,39,1.00,34000.00,50000.00),(117,47,49,1.00,33750.00,50000.00),(118,48,24,0.50,36000.00,66000.00),(119,48,21,0.50,63000.00,85000.00),(120,49,24,0.50,36000.00,66000.00),(121,49,32,0.40,65000.00,85000.00),(122,50,26,0.50,80500.00,97000.00),(123,51,25,1.00,108000.00,135000.00),(124,52,26,0.50,80500.00,100000.00),(125,53,2,0.50,41000.00,57000.00),(126,53,26,1.00,80500.00,95000.00),(127,53,23,0.50,63000.00,87000.00),(128,53,43,0.50,48000.00,60000.00),(129,54,24,1.00,36000.00,66000.00),(130,55,1,0.50,52000.00,67000.00),(131,55,13,0.50,76000.00,102000.00),(132,56,2,0.50,41000.00,55000.00),(133,56,23,0.25,63000.00,89000.00),(134,56,11,0.50,95000.00,132000.00),(135,57,21,1.00,63000.00,85000.00),(136,58,48,0.50,31000.00,52000.00),(137,58,43,0.50,48000.00,62000.00),(138,59,51,1.00,40000.00,60000.00),(139,59,1,0.50,52000.00,67000.00),(140,59,43,0.50,48000.00,60000.00),(141,60,26,0.50,80500.00,97000.00),(142,60,24,1.00,36000.00,66000.00),(143,61,1,0.50,52000.00,67000.00),(144,61,24,0.50,36000.00,68000.00),(145,61,43,0.50,48000.00,62000.00),(146,61,26,0.50,80500.00,98000.00),(147,62,43,0.50,48000.00,62000.00),(148,62,14,0.50,65000.00,92000.00),(149,63,20,0.50,55000.00,78000.00),(150,64,43,1.00,48000.00,60000.00),(151,65,34,2.00,28000.00,38000.00),(152,66,43,0.50,48000.00,62000.00),(153,66,2,0.50,41000.00,57000.00),(154,67,26,0.25,80500.00,99000.00),(155,67,43,0.25,48000.00,64000.00),(156,68,2,0.50,41000.00,57000.00),(157,68,43,0.25,48000.00,64000.00),(158,68,14,0.25,65000.00,100000.00),(159,68,24,0.50,36000.00,68000.00),(160,68,26,0.25,80500.00,98000.00),(161,68,20,0.50,55000.00,78000.00),(162,69,26,0.25,80500.00,104000.00),(163,69,24,0.55,36000.00,66000.00),(164,70,24,0.25,36000.00,70000.00),(165,70,2,0.50,41000.00,57000.00),(166,71,2,0.50,41000.00,64000.00),(167,71,43,0.55,48000.00,60000.00),(168,72,10,1.00,25000.00,35000.00),(169,72,14,0.50,65000.00,92000.00),(170,72,42,0.50,47500.00,62000.00),(171,73,2,1.00,41000.00,55000.00),(172,74,8,1.00,27500.00,40000.00),(173,74,33,1.00,25000.00,45000.00),(174,74,2,0.50,41000.00,57000.00),(175,75,43,2.00,48000.00,60000.00),(176,75,4,1.00,60000.00,100000.00),(177,76,20,0.50,55000.00,78000.00),(178,76,23,0.50,63000.00,87000.00),(179,76,11,0.25,95000.00,132000.00),(180,76,48,0.25,31000.00,54000.00),(181,76,16,0.25,45000.00,68000.00),(182,77,20,0.50,55000.00,78000.00),(183,78,2,0.50,41000.00,57000.00),(184,79,25,0.50,108000.00,132000.00),(185,79,21,0.50,63000.00,87000.00),(186,79,24,0.50,36000.00,68000.00),(187,80,25,0.50,108000.00,132000.00),(188,80,2,0.50,41000.00,57000.00),(189,81,26,0.50,80500.00,97000.00),(190,81,10,0.50,25000.00,37000.00),(191,81,23,0.50,63000.00,87000.00),(192,82,1,1.00,52000.00,65000.00),(193,82,13,0.50,76000.00,102000.00),(194,82,24,1.00,36000.00,66000.00),(195,82,25,0.50,108000.00,132000.00),(196,83,24,0.50,36000.00,68000.00),(197,83,32,0.25,65000.00,90000.00),(198,84,23,0.50,63000.00,87000.00),(199,85,21,1.00,63000.00,87000.00),(200,85,1,0.50,52000.00,67000.00),(201,86,43,0.50,48000.00,60000.00),(202,86,25,0.50,108000.00,132000.00),(203,86,2,1.50,41000.00,55000.00),(204,86,21,0.50,63000.00,87000.00),(205,86,4,0.25,60000.00,104000.00),(206,86,24,0.50,36000.00,68000.00),(207,87,20,1.00,55000.00,76000.00),(208,88,20,1.00,55000.00,76000.00),(209,89,1,0.50,52000.00,67000.00),(210,89,51,1.00,40000.00,60000.00),(211,89,24,0.50,36000.00,68000.00),(213,91,38,1.00,39000.00,50000.00),(214,92,1,0.50,52000.00,67000.00),(215,92,24,0.50,36000.00,68000.00),(216,92,14,0.25,65000.00,100000.00),(217,93,25,1.00,108000.00,130000.00),(218,93,51,2.00,40000.00,60000.00),(219,94,1,0.50,52000.00,67000.00),(220,94,24,0.50,36000.00,68000.00),(221,94,2,0.25,41000.00,64000.00),(222,94,43,0.15,48000.00,60000.00),(223,95,24,0.50,36000.00,68000.00),(224,95,43,1.00,48000.00,60000.00),(225,95,32,0.50,65000.00,87000.00),(226,95,34,1.00,28000.00,40000.00),(227,96,2,0.25,41000.00,64000.00),(228,97,34,1.00,28000.00,40000.00),(229,97,23,0.50,63000.00,87000.00),(230,97,50,0.50,34500.00,52000.00),(231,98,43,1.00,48000.00,60000.00),(232,98,24,0.50,36000.00,68000.00),(233,99,18,0.50,55000.00,72000.00),(234,99,43,0.48,48000.00,60000.00),(235,100,24,0.50,36000.00,68000.00),(236,100,21,0.50,63000.00,87000.00),(237,100,1,0.50,52000.00,67000.00),(238,101,1,0.50,52000.00,67000.00),(239,101,15,0.50,51000.00,77000.00),(240,101,21,0.50,63000.00,87000.00),(241,102,1,0.25,52000.00,70000.00),(242,102,43,0.25,48000.00,64000.00),(243,102,27,0.25,65000.00,94000.00),(244,103,42,1.00,47500.00,60000.00),(245,104,1,0.50,52000.00,67000.00),(246,105,27,0.50,65000.00,92000.00),(247,105,18,0.50,55000.00,76000.00),(248,105,43,0.77,48000.00,60000.00),(249,106,16,0.25,45000.00,68000.00),(250,106,14,0.50,65000.00,77000.00),(251,106,1,0.25,52000.00,70000.00),(252,107,27,0.45,65000.00,90000.00),(253,107,21,0.50,63000.00,87000.00),(254,108,21,1.50,63000.00,85000.00),(255,108,2,0.25,41000.00,64000.00),(256,108,1,0.25,52000.00,70000.00),(257,108,11,0.25,95000.00,132000.00),(258,109,25,1.50,108000.00,130000.00),(259,110,54,0.45,30000.00,57000.00),(260,110,34,1.00,28000.00,40000.00),(261,110,14,0.50,65000.00,77000.00),(262,111,34,1.00,28000.00,37000.00),(263,111,1,0.25,52000.00,70000.00),(264,112,1,0.50,52000.00,67000.00),(265,113,1,0.25,52000.00,70000.00),(266,113,24,0.25,36000.00,72000.00),(267,114,1,0.50,52000.00,67000.00),(268,114,51,2.00,40000.00,60000.00),(269,114,24,0.50,36000.00,68000.00),(270,114,21,0.50,63000.00,87000.00),(271,115,51,1.00,40000.00,60000.00),(272,116,1,0.50,52000.00,67000.00),(273,116,24,0.50,36000.00,68000.00),(274,116,32,0.50,65000.00,87000.00),(275,117,49,0.25,33750.00,54000.00),(276,117,11,0.25,95000.00,132000.00),(277,118,1,0.50,52000.00,67000.00),(278,119,1,1.00,52000.00,65000.00),(279,119,43,1.00,48000.00,60000.00),(280,119,23,1.00,63000.00,85000.00),(281,120,1,0.50,52000.00,67000.00),(282,120,21,1.00,63000.00,85000.00),(283,120,23,0.50,63000.00,87000.00),(284,120,24,0.50,36000.00,68000.00),(285,120,40,0.95,30000.00,50000.00),(286,120,66,0.50,52000.00,90000.00),(287,121,24,0.50,36000.00,68000.00),(288,121,19,0.50,55000.00,78000.00),(289,122,1,0.50,52000.00,67000.00),(290,122,27,0.25,65000.00,96000.00),(291,123,2,0.25,41000.00,64000.00),(292,123,1,0.25,52000.00,70000.00),(293,123,27,0.25,65000.00,96000.00),(294,124,1,0.25,52000.00,70000.00),(295,125,1,0.50,52000.00,67000.00),(296,125,24,0.50,36000.00,68000.00),(297,126,1,0.25,52000.00,70000.00),(298,126,32,0.25,65000.00,90000.00),(299,127,1,0.50,52000.00,67000.00),(300,128,18,1.00,55000.00,70000.00),(301,129,24,1.00,36000.00,66000.00),(302,130,1,0.50,52000.00,67000.00),(303,130,24,0.50,36000.00,68000.00),(304,130,32,0.50,65000.00,87000.00),(305,130,11,0.25,95000.00,132000.00),(306,131,1,0.50,52000.00,67000.00),(307,131,24,0.50,36000.00,68000.00),(308,131,26,0.25,80500.00,100000.00),(309,132,51,1.00,40000.00,60000.00),(310,132,14,0.25,65000.00,100000.00),(311,132,8,0.25,27500.00,44000.00),(312,133,19,0.50,55000.00,78000.00),(313,133,2,0.25,41000.00,64000.00),(314,133,37,0.50,10000.00,55000.00),(315,133,50,0.25,34500.00,54000.00),(316,133,46,0.25,32500.00,54000.00),(317,134,19,1.00,55000.00,76000.00),(318,134,13,1.00,76000.00,100000.00),(319,134,34,2.00,28000.00,40000.00),(320,134,23,1.00,63000.00,85000.00),(321,134,24,1.00,36000.00,66000.00),(322,134,38,1.00,39000.00,50000.00),(323,135,13,1.00,76000.00,100000.00),(324,135,48,0.50,31000.00,52000.00),(325,136,1,0.50,52000.00,67000.00),(326,136,19,0.50,55000.00,78000.00),(327,136,32,0.25,65000.00,90000.00),(328,136,11,0.25,95000.00,132000.00),(329,137,23,0.50,63000.00,87000.00),(330,137,24,0.50,36000.00,68000.00),(331,137,1,0.50,52000.00,67000.00),(332,138,24,0.50,36000.00,68000.00),(333,138,19,0.50,55000.00,78000.00),(334,138,51,1.00,40000.00,60000.00),(335,139,51,1.00,40000.00,60000.00),(336,139,21,0.50,63000.00,87000.00),(337,140,24,0.50,36000.00,70000.00),(338,140,14,0.50,65000.00,90000.00),(339,140,20,0.48,55000.00,78000.00),(340,140,23,1.00,63000.00,85000.00),(341,140,7,0.50,42500.00,63000.00),(342,140,27,0.50,65000.00,92000.00),(343,141,34,1.00,28000.00,40000.00),(344,141,24,0.50,36000.00,68000.00),(345,142,37,0.50,30000.00,60000.00),(346,142,20,0.50,55000.00,78000.00),(347,143,25,0.50,108000.00,132000.00),(348,144,34,1.00,28000.00,40000.00),(349,145,14,0.50,65000.00,92000.00),(350,145,20,0.50,55000.00,78000.00),(351,145,26,0.50,80500.00,98000.00),(352,146,2,0.50,41000.00,57000.00),(353,146,23,1.00,63000.00,85000.00),(354,147,25,0.50,108000.00,132000.00),(355,147,26,0.25,80500.00,99000.00),(356,147,11,0.25,95000.00,132000.00),(357,148,43,1.00,48000.00,60000.00),(358,148,13,0.50,76000.00,104000.00),(359,149,30,0.50,77000.00,88000.00),(360,150,1,0.50,52000.00,70000.00);
/*!40000 ALTER TABLE `order_items` ENABLE KEYS */;
UNLOCK TABLES;

--
-- Table structure for table `orders`
--

DROP TABLE IF EXISTS `orders`;
/*!40101 SET @saved_cs_client     = @@character_set_client */;
/*!50503 SET character_set_client = utf8mb4 */;
CREATE TABLE `orders` (
  `id` int NOT NULL AUTO_INCREMENT,
  `customer_id` int NOT NULL,
  `order_date` timestamp NULL DEFAULT CURRENT_TIMESTAMP,
  `status` enum('pending','paid','delivered','cancelled') DEFAULT 'pending',
  `created_by` int DEFAULT NULL,
  `total_amount` decimal(12,2) DEFAULT NULL,
  `delivery_price` decimal(10,2) DEFAULT '0.00',
  `delivery_type` enum('pickup','delivery') DEFAULT 'pickup',
  PRIMARY KEY (`id`),
  KEY `customer_id` (`customer_id`),
  KEY `created_by` (`created_by`),
  CONSTRAINT `orders_ibfk_1` FOREIGN KEY (`customer_id`) REFERENCES `customers` (`id`),
  CONSTRAINT `orders_ibfk_2` FOREIGN KEY (`created_by`) REFERENCES `users` (`id`)
) ENGINE=InnoDB AUTO_INCREMENT=151 DEFAULT CHARSET=utf8mb4 COLLATE=utf8mb4_0900_ai_ci;
/*!40101 SET character_set_client = @saved_cs_client */;

--
-- Dumping data for table `orders`
--

LOCK TABLES `orders` WRITE;
/*!40000 ALTER TABLE `orders` DISABLE KEYS */;
INSERT INTO `orders` VALUES (1,15,'2026-01-01 13:27:39','cancelled',1,50000.00,0.00,'delivery'),(2,44,'2026-01-06 10:02:55','cancelled',1,152000.00,7000.00,'delivery'),(3,73,'2026-01-06 10:03:23','cancelled',1,290000.00,8500.00,'delivery'),(4,62,'2026-01-08 02:03:13','pending',1,166000.00,5000.00,'delivery'),(5,63,'2026-01-08 19:06:16','pending',1,101000.00,6500.00,'delivery'),(6,78,'2026-01-06 19:07:43','cancelled',1,103000.00,8000.00,'delivery'),(7,78,'2026-01-08 19:09:42','pending',1,136000.00,8000.00,'delivery'),(8,30,'2026-01-08 19:11:30','pending',1,120000.00,5000.00,'delivery'),(9,81,'2026-01-08 19:13:53','pending',1,102000.00,8000.00,'delivery'),(10,61,'2026-01-08 19:15:54','pending',1,164000.00,8000.00,'delivery'),(11,83,'2026-01-08 19:17:09','pending',1,102000.00,7000.00,'delivery'),(12,76,'2026-01-08 19:18:40','pending',1,112000.00,5000.00,'delivery'),(13,85,'2026-01-08 19:25:26','pending',1,66250.00,7000.00,'delivery'),(14,84,'2026-01-08 19:28:25','pending',1,166750.00,7000.00,'delivery'),(15,86,'2026-01-08 01:48:43','pending',1,89500.00,6500.00,'delivery'),(16,88,'2026-01-08 09:12:53','pending',1,168000.00,8000.00,'delivery'),(17,87,'2026-01-08 09:15:37','pending',1,136000.00,5000.00,'delivery'),(18,50,'2026-01-02 12:05:24','delivered',1,121000.00,0.00,'delivery'),(19,39,'2026-01-02 12:07:43','delivered',1,223000.00,8000.00,'delivery'),(20,40,'2026-01-02 12:08:45','delivered',1,164500.00,5000.00,'delivery'),(21,41,'2026-01-02 12:11:37','delivered',1,223500.00,5000.00,'delivery'),(22,43,'2026-01-02 12:12:57','delivered',1,71500.00,5000.00,'delivery'),(23,44,'2026-01-02 12:13:41','delivered',1,141000.00,5000.00,'delivery'),(24,45,'2026-01-02 12:15:13','delivered',1,196500.00,7000.00,'delivery'),(25,46,'2026-01-02 12:16:04','delivered',1,160000.00,5000.00,'delivery'),(26,48,'2026-01-02 12:17:12','delivered',1,190800.00,5000.00,'delivery'),(27,49,'2026-01-02 12:17:38','delivered',1,37500.00,5000.00,'delivery'),(28,47,'2026-01-02 12:18:25','delivered',1,105500.00,5000.00,'delivery'),(29,56,'2026-01-09 01:35:12','pending',1,98000.00,5000.00,'delivery'),(30,20,'2026-01-09 01:36:32','pending',1,153500.00,5000.00,'delivery'),(31,54,'2026-01-09 01:38:07','pending',1,173500.00,5000.00,'delivery'),(32,91,'2026-01-09 01:41:43','pending',1,64500.00,5000.00,'delivery'),(33,80,'2026-01-09 01:43:29','pending',1,165000.00,5000.00,'delivery'),(34,92,'2026-01-09 01:52:55','pending',1,48250.00,0.00,'delivery'),(35,93,'2026-01-09 01:54:15','pending',1,53000.00,3000.00,'delivery'),(36,94,'2026-01-09 01:56:13','pending',1,86000.00,0.00,'pickup'),(37,95,'2026-01-09 02:27:45','pending',1,28500.00,0.00,'pickup'),(38,96,'2026-01-10 14:02:05','delivered',1,300000.00,0.00,'delivery'),(39,97,'2026-01-10 14:05:29','paid',1,109000.00,0.00,'pickup'),(40,98,'2026-01-03 00:22:05','paid',1,109500.00,0.00,'pickup'),(41,99,'2026-01-03 00:22:52','paid',1,33500.00,0.00,'pickup'),(42,100,'2026-01-03 00:23:24','paid',1,171000.00,0.00,'pickup'),(43,101,'2026-01-04 00:26:33','paid',1,108000.00,0.00,'pickup'),(44,53,'2026-01-04 00:27:16','paid',1,61500.00,0.00,'pickup'),(45,102,'2026-01-04 00:29:00','paid',1,222500.00,0.00,'pickup'),(46,60,'2026-01-04 00:29:31','delivered',1,68000.00,3000.00,'delivery'),(47,82,'2026-01-05 00:40:29','delivered',1,175000.00,25000.00,'delivery'),(48,77,'2026-01-05 00:41:28','delivered',1,81500.00,6000.00,'delivery'),(49,104,'2026-01-05 00:42:48','delivered',1,67000.00,0.00,'delivery'),(50,103,'2026-01-05 00:43:26','paid',1,48500.00,0.00,'pickup'),(51,109,'2026-01-12 06:09:04','pending',1,135000.00,0.00,'pickup'),(52,85,'2026-01-15 15:09:36','pending',1,57000.00,7000.00,'delivery'),(53,111,'2026-01-14 15:12:46','pending',1,208500.00,6500.00,'delivery'),(54,112,'2026-01-14 15:13:44','pending',1,72500.00,6500.00,'delivery'),(55,105,'2026-01-14 15:15:14','pending',1,91000.00,6500.00,'delivery'),(56,108,'2026-01-14 15:16:47','pending',1,122250.00,6500.00,'delivery'),(57,110,'2026-01-16 15:17:06','pending',1,91500.00,6500.00,'delivery'),(58,114,'2026-01-15 15:36:22','pending',1,62000.00,5000.00,'delivery'),(59,115,'2026-01-16 23:01:43','pending',1,127500.00,4000.00,'delivery'),(60,116,'2026-01-15 23:15:47','pending',1,121000.00,6500.00,'delivery'),(61,117,'2026-01-16 01:36:20','pending',1,155000.00,7500.00,'delivery'),(62,23,'2026-01-17 01:39:14','pending',1,80000.00,3000.00,'delivery'),(63,118,'2026-01-14 01:41:33','pending',1,45500.00,6500.00,'delivery'),(64,119,'2026-01-14 01:44:44','cancelled',1,63000.00,3000.00,'delivery'),(65,120,'2026-01-15 01:47:38','pending',1,74000.00,0.00,'pickup'),(66,121,'2026-01-17 01:51:30','pending',1,63500.00,4000.00,'delivery'),(67,122,'2026-01-16 02:09:57','pending',1,44250.00,3500.00,'delivery'),(68,67,'2026-01-15 03:39:48','pending',1,173500.00,6500.00,'delivery'),(69,123,'2026-01-13 05:46:42','delivered',1,65300.00,3000.00,'delivery'),(70,124,'2026-01-14 05:49:15','cancelled',1,52500.00,6500.00,'delivery'),(71,125,'2026-01-13 06:31:11','paid',1,65000.00,0.00,'pickup'),(72,126,'2026-01-14 06:42:52','pending',1,118500.00,6500.00,'delivery'),(73,87,'2026-01-14 11:16:20','pending',1,59000.00,4000.00,'delivery'),(74,127,'2026-01-14 13:18:06','pending',1,119000.00,5500.00,'delivery'),(75,119,'2026-01-14 02:00:55','delivered',1,223000.00,3000.00,'delivery'),(76,128,'2026-01-16 02:29:49','pending',1,152500.00,6500.00,'delivery'),(77,129,'2026-01-15 03:13:30','pending',1,44500.00,5500.00,'delivery'),(78,130,'2026-01-15 11:45:16','pending',1,33500.00,5000.00,'delivery'),(79,131,'2026-01-15 11:50:32','pending',1,149500.00,6000.00,'delivery'),(80,132,'2026-01-15 11:53:38','delivered',1,97500.00,3000.00,'delivery'),(81,133,'2026-01-16 11:56:47','pending',1,115500.00,5000.00,'delivery'),(82,134,'2026-01-15 12:19:24','pending',1,253000.00,5000.00,'delivery'),(83,135,'2026-01-15 02:15:14','paid',1,56500.00,0.00,'pickup'),(84,109,'2026-01-15 02:16:22','pending',1,43500.00,0.00,'pickup'),(85,136,'2026-01-15 02:18:51','delivered',1,123500.00,3000.00,'delivery'),(86,137,'2026-01-16 10:36:30','pending',1,287000.00,5000.00,'delivery'),(87,98,'2026-01-16 10:38:07','pending',1,79000.00,3000.00,'delivery'),(88,139,'2026-01-17 12:34:27','pending',1,79500.00,3500.00,'delivery'),(89,138,'2026-01-17 12:35:35','pending',1,130500.00,3000.00,'delivery'),(91,129,'2026-01-19 00:21:00','cancelled',1,50000.00,0.00,'pickup'),(92,34,'2026-01-17 07:41:00','pending',1,96500.00,4000.00,'delivery'),(93,45,'2026-01-18 15:27:00','paid',1,250000.00,0.00,'pickup'),(94,17,'2026-01-18 15:28:00','delivered',1,92500.00,0.00,'pickup'),(95,153,'2026-01-19 08:28:00','pending',1,182500.00,5000.00,'delivery'),(96,120,'2026-01-19 08:36:00','paid',1,16000.00,0.00,'pickup'),(97,94,'2026-01-19 08:36:00','pending',1,109500.00,0.00,'pickup'),(98,4,'2026-01-19 19:55:00','delivered',1,97000.00,3000.00,'delivery'),(99,38,'2026-01-20 07:37:00','delivered',1,67800.00,3000.00,'delivery'),(100,154,'2026-01-20 07:54:00','delivered',1,111000.00,0.00,'delivery'),(101,155,'2026-01-20 19:15:00','pending',1,117500.00,2000.00,'delivery'),(102,159,'2026-01-21 11:27:00','delivered',1,61000.00,4000.00,'delivery'),(103,157,'2026-01-21 11:29:00','delivered',1,64000.00,4000.00,'delivery'),(104,156,'2026-01-21 11:29:00','delivered',1,38500.00,5000.00,'delivery'),(105,158,'2026-01-21 11:30:00','delivered',1,132200.00,2000.00,'delivery'),(106,160,'2026-01-21 16:25:00','pending',1,73000.00,0.00,'delivery'),(107,5,'2026-01-21 17:38:00','paid',1,84000.00,0.00,'pickup'),(108,161,'2026-01-22 13:05:00','delivered',1,194000.00,0.00,'delivery'),(109,109,'2026-01-23 09:43:00','paid',1,195000.00,0.00,'pickup'),(110,137,'2026-01-23 17:24:00','delivered',1,108150.00,4000.00,'delivery'),(111,5,'2026-01-23 17:30:00','pending',1,54500.00,0.00,'pickup'),(112,162,'2026-01-28 17:35:00','pending',1,38500.00,5000.00,'delivery'),(113,163,'2026-01-28 17:38:00','pending',1,42000.00,6500.00,'delivery'),(114,164,'2026-01-28 17:41:00','pending',1,237500.00,6500.00,'delivery'),(115,165,'2026-01-28 17:45:00','cancelled',1,125000.00,6500.00,'delivery'),(116,166,'2026-01-28 17:47:00','pending',1,176000.00,6500.00,'delivery'),(117,167,'2026-01-28 17:49:00','pending',1,52500.00,6000.00,'delivery'),(118,168,'2026-01-28 17:52:00','pending',1,98500.00,6500.00,'delivery'),(119,169,'2026-01-28 17:54:00','pending',1,275000.00,6500.00,'delivery'),(120,170,'2026-01-28 17:56:00','pending',1,295000.00,6500.00,'delivery'),(121,171,'2026-01-28 18:54:00','pending',1,78500.00,5500.00,'delivery'),(122,172,'2026-01-28 19:01:00','pending',1,64000.00,6500.00,'delivery'),(123,173,'2026-01-28 19:06:00','pending',1,63000.00,5500.00,'delivery'),(124,174,'2026-01-28 20:29:00','pending',1,22500.00,5000.00,'delivery'),(125,175,'2026-01-28 20:32:00','pending',1,72500.00,5000.00,'delivery'),(126,86,'2026-01-28 20:34:00','pending',1,45500.00,5500.00,'delivery'),(127,176,'2026-01-28 20:37:00','pending',1,38500.00,5000.00,'delivery'),(128,177,'2026-01-28 20:48:00','pending',1,135000.00,6500.00,'delivery'),(129,178,'2026-01-28 20:52:00','pending',1,72500.00,6500.00,'delivery'),(130,179,'2026-01-28 21:29:00','pending',1,150500.00,6500.00,'delivery'),(131,180,'2026-01-28 21:33:00','pending',1,99000.00,6500.00,'delivery'),(132,165,'2026-01-28 21:37:00','pending',1,102500.00,6500.00,'delivery'),(133,181,'2026-01-28 21:49:00','pending',1,116500.00,7000.00,'delivery'),(134,153,'2026-01-28 22:04:00','pending',1,462000.00,5000.00,'delivery'),(135,182,'2026-01-28 22:20:00','pending',1,133000.00,7000.00,'delivery'),(136,183,'2026-01-28 23:36:00','pending',1,134500.00,6500.00,'delivery'),(137,184,'2026-01-28 23:37:00','cancelled',1,117500.00,6500.00,'delivery'),(138,185,'2026-01-28 06:59:00','pending',1,138500.00,5500.00,'delivery'),(139,186,'2026-01-28 07:47:00','pending',1,108500.00,5000.00,'delivery'),(140,187,'2026-01-24 09:53:00','pending',1,283940.00,4000.00,'delivery'),(141,188,'2026-01-24 09:58:00','pending',1,78000.00,4000.00,'delivery'),(142,189,'2026-01-24 10:02:00','pending',1,73000.00,4000.00,'delivery'),(143,191,'2026-01-28 12:12:00','pending',1,72000.00,6000.00,'delivery'),(144,190,'2026-01-28 12:12:00','pending',1,46000.00,6000.00,'delivery'),(145,192,'2026-01-28 12:13:00','pending',1,140000.00,6000.00,'delivery'),(146,184,'2026-01-28 12:20:00','pending',1,119500.00,6000.00,'delivery'),(147,193,'2026-01-24 14:35:00','pending',1,123750.00,0.00,'delivery'),(148,194,'2026-01-28 14:38:00','pending',1,117500.00,5500.00,'delivery'),(149,195,'2026-01-24 19:34:00','delivered',1,44000.00,0.00,'delivery'),(150,5,'2026-01-24 19:36:00','delivered',1,35000.00,0.00,'pickup');
/*!40000 ALTER TABLE `orders` ENABLE KEYS */;
UNLOCK TABLES;

--
-- Table structure for table `products`
--

DROP TABLE IF EXISTS `products`;
/*!40101 SET @saved_cs_client     = @@character_set_client */;
/*!50503 SET character_set_client = utf8mb4 */;
CREATE TABLE `products` (
  `id` int NOT NULL AUTO_INCREMENT,
  `name` varchar(100) NOT NULL,
  `category_id` int DEFAULT NULL,
  `unit` varchar(20) DEFAULT 'kg',
  `buy_price` decimal(10,2) NOT NULL,
  `sell_price` decimal(10,2) NOT NULL,
  `stock` decimal(10,2) DEFAULT '0.00',
  `is_active` tinyint(1) NOT NULL DEFAULT '1',
  `created_at` timestamp NULL DEFAULT CURRENT_TIMESTAMP,
  PRIMARY KEY (`id`)
) ENGINE=InnoDB AUTO_INCREMENT=67 DEFAULT CHARSET=utf8mb4 COLLATE=utf8mb4_0900_ai_ci;
/*!40101 SET character_set_client = @saved_cs_client */;

--
-- Dumping data for table `products`
--

LOCK TABLES `products` WRITE;
/*!40000 ALTER TABLE `products` DISABLE KEYS */;
INSERT INTO `products` VALUES (1,'Teri Nasi Super',0,'kg',52000.00,65000.00,-7.50,1,'2025-12-30 02:14:17'),(2,'Teri Nasi Biasa',0,'kg',41000.00,55000.00,-5.75,1,'2025-12-30 02:14:17'),(3,'Teri Nasi Jumbo',0,'kg',52000.00,65000.00,0.00,0,'2025-12-30 02:14:17'),(4,'Teri Medan',0,'kg',60000.00,100000.00,-1.00,1,'2025-12-30 02:14:17'),(5,'Teri Laut',0,'kg',26500.00,50000.00,0.50,1,'2025-12-30 02:14:17'),(6,'Kerang Hijau Kulit',1,'kg',20000.00,40000.00,0.00,1,'2025-12-30 02:14:17'),(7,'Kerang Hijau Kupas',1,'kg',42500.00,60000.00,1.50,1,'2025-12-30 02:14:17'),(8,'Kerang Dara Kulit',1,'kg',27500.00,40000.00,-1.25,1,'2025-12-30 02:14:17'),(9,'Kerang Dara Kupas',1,'kg',50000.00,55000.00,0.00,1,'2025-12-30 02:14:17'),(10,'Kerang Tahu Kulit',1,'kg',25000.00,35000.00,1.50,1,'2025-12-30 02:14:17'),(11,'Cumi Ring',2,'kg',95000.00,115000.00,0.15,1,'2025-12-30 02:14:17'),(12,'Cumi Jumbo ( 3-4 ekor/kg)',2,'kg',97000.00,115000.00,0.00,1,'2025-12-30 02:14:17'),(13,'Cumi Besar ( 10-16 ekor/kg)',2,'kg',76000.00,100000.00,-3.50,1,'2025-12-30 02:14:17'),(14,'Cumi Kecil ( 35-40 ekor/kg)',2,'kg',65000.00,90000.00,-4.25,1,'2025-12-30 02:14:17'),(15,'Cumi Baby',2,'kg',51000.00,75000.00,-0.50,1,'2025-12-30 02:14:17'),(16,'Blekutak (Sotong)',2,'kg',45000.00,65000.00,0.75,1,'2025-12-30 02:14:17'),(17,'Gurita',2,'kg',47500.00,70000.00,-1.00,1,'2025-12-30 02:14:17'),(18,'Tenggiri Fillet Berkulit',3,'kg',55000.00,70000.00,-1.00,1,'2025-12-30 02:14:17'),(19,'Tenggiri Fillet Bersih',3,'kg',55000.00,76000.00,-3.00,1,'2025-12-30 02:14:17'),(20,'Tenggiri Fillet Steak',3,'kg',55000.00,76000.00,-0.98,1,'2025-12-30 02:14:17'),(21,'Kakap Fillet',3,'kg',63000.00,85000.00,-8.55,1,'2025-12-30 02:14:17'),(22,'Gurame Fillet',3,'kg',60000.00,75000.00,0.00,1,'2025-12-30 02:14:17'),(23,'Kerapu Fillet',3,'kg',63000.00,85000.00,-4.00,1,'2025-12-30 02:14:17'),(24,'Dori Fillet',3,'kg',36000.00,66000.00,-16.55,1,'2025-12-30 02:14:17'),(25,'Udang Vaname Jumbo ( 25 ekor/kg)',4,'kg',108000.00,130000.00,-5.75,1,'2025-12-30 02:14:17'),(26,'Udang Vaname Besar ( 60 ekor/kg)',4,'kg',80500.00,95000.00,-4.25,1,'2025-12-30 02:14:17'),(27,'Udang Vaname Kecil ( 80 ekor/kg)',4,'kg',65000.00,90000.00,-2.20,1,'2025-12-30 02:14:17'),(28,'Vaname jumbo ( 20 ekor/kg)',4,'kg',108000.00,135000.00,0.00,0,'2025-12-30 02:14:17'),(29,'Vaname besar ( 60 ekor/kg)',4,'kg',80500.00,115000.00,0.00,0,'2025-12-30 02:14:17'),(30,'Udang Dogol (Laut)',4,'kg',77000.00,85000.00,-0.50,1,'2025-12-30 02:14:17'),(31,'Udang Tanpa Kepala',4,'kg',66000.00,100000.00,0.00,1,'2025-12-30 02:14:17'),(32,'Udang Kupas Dogol',4,'kg',65000.00,85000.00,-2.65,1,'2025-12-30 02:14:17'),(33,'Udang Kupas Ronggeng (Mantis)',4,'pack',25000.00,45000.00,0.00,1,'2025-12-30 02:14:17'),(34,'Ebi Furai (18 pcs/pack)',4,'pack',28000.00,40000.00,-10.00,1,'2025-12-30 02:14:17'),(35,'Springroll Shrimp (45 pcs/pack)',4,'pack',33500.00,50000.00,-1.00,1,'2025-12-30 02:14:17'),(36,'Ikan Kakap Merah',5,'kg',39000.00,55000.00,0.00,1,'2025-12-30 02:14:17'),(37,'Ikan Kerapu (+-6ekor/kg)',5,'kg',30000.00,55000.00,-1.00,1,'2025-12-30 02:14:17'),(38,'Ikan Bandeng Laut (Lauro)',5,'kg',39000.00,50000.00,-1.20,1,'2025-12-30 02:14:17'),(39,'Ikan Tongkol Walang',5,'kg',34000.00,50000.00,-1.00,1,'2025-12-30 02:14:17'),(40,'Ikan Tongkol Lurik',5,'kg',30000.00,50000.00,-0.95,1,'2025-12-30 02:14:17'),(41,'Ikan Tongkol Hitam',5,'kg',29000.00,50000.00,0.00,1,'2025-12-30 02:14:17'),(42,'Ikan Bawal Laut (Dorang)',5,'kg',47500.00,60000.00,1.50,1,'2025-12-30 02:14:17'),(43,'Ikan Kembung Besar (+-7ekor/kg)',5,'kg',48000.00,60000.00,-13.20,1,'2025-12-30 02:14:17'),(44,'Ikan Kembung Kecil (+-15ekor/kg)',5,'kg',39000.00,55000.00,0.00,1,'2025-12-30 02:14:17'),(45,'Ikan Layang Besar',5,'kg',32500.00,50000.00,0.00,1,'2025-12-30 02:14:17'),(46,'Ikan Layang Kecil',5,'kg',32500.00,50000.00,-0.25,1,'2025-12-30 02:14:17'),(47,'Ikan Layur Segar',5,'kg',39000.00,55000.00,0.00,1,'2025-12-30 02:14:17'),(48,'Ikan Cakalang',5,'kg',31000.00,50000.00,-1.25,1,'2025-12-30 02:14:17'),(49,'Ikan Salem',5,'kg',33750.00,50000.00,-1.25,1,'2025-12-30 02:14:17'),(50,'Ikan Tuna',5,'kg',34500.00,50000.00,-1.64,1,'2025-12-30 02:14:17'),(51,'Ikan Shisamo (8 ekor/pack)',5,'pack',40000.00,60000.00,-9.00,1,'2025-12-30 02:14:17'),(52,'Ikan Tenggiri',5,'kg',56000.00,70000.00,0.00,1,'2025-12-30 02:14:17'),(53,'Kepiting (+-6 ekor/kg)',6,'kg',10000.00,85000.00,0.00,1,'2025-12-30 02:14:17'),(54,'Baby Crab',6,'kg',30000.00,55000.00,-0.45,1,'2025-12-30 02:14:17'),(55,'Ketam Rajungan isi Telur (6 pcs/pack)',6,'pack',17500.00,35000.00,0.00,1,'2025-12-30 02:14:17'),(66,'Dory Fillet Steak',3,'kg',52000.00,85000.00,9.50,1,'2026-01-19 00:07:24');
/*!40000 ALTER TABLE `products` ENABLE KEYS */;
UNLOCK TABLES;

--
-- Table structure for table `users`
--

DROP TABLE IF EXISTS `users`;
/*!40101 SET @saved_cs_client     = @@character_set_client */;
/*!50503 SET character_set_client = utf8mb4 */;
CREATE TABLE `users` (
  `id` int NOT NULL AUTO_INCREMENT,
  `name` varchar(100) NOT NULL,
  `email` varchar(100) NOT NULL,
  `password` varchar(255) NOT NULL,
  `role` enum('admin','staff','driver') DEFAULT 'staff',
  `created_at` timestamp NULL DEFAULT CURRENT_TIMESTAMP,
  PRIMARY KEY (`id`),
  UNIQUE KEY `email` (`email`)
) ENGINE=InnoDB AUTO_INCREMENT=2 DEFAULT CHARSET=utf8mb4 COLLATE=utf8mb4_0900_ai_ci;
/*!40101 SET character_set_client = @saved_cs_client */;

--
-- Dumping data for table `users`
--

LOCK TABLES `users` WRITE;
/*!40000 ALTER TABLE `users` DISABLE KEYS */;
INSERT INTO `users` VALUES (1,'admin','admin@seafood.local','123123','admin','2025-12-27 14:51:51');
/*!40000 ALTER TABLE `users` ENABLE KEYS */;
UNLOCK TABLES;

--
-- Dumping routines for database 'lawuanseafood_db'
--
/*!40103 SET TIME_ZONE=@OLD_TIME_ZONE */;

/*!40101 SET SQL_MODE=@OLD_SQL_MODE */;
/*!40014 SET FOREIGN_KEY_CHECKS=@OLD_FOREIGN_KEY_CHECKS */;
/*!40014 SET UNIQUE_CHECKS=@OLD_UNIQUE_CHECKS */;
/*!40101 SET CHARACTER_SET_CLIENT=@OLD_CHARACTER_SET_CLIENT */;
/*!40101 SET CHARACTER_SET_RESULTS=@OLD_CHARACTER_SET_RESULTS */;
/*!40101 SET COLLATION_CONNECTION=@OLD_COLLATION_CONNECTION */;
/*!40111 SET SQL_NOTES=@OLD_SQL_NOTES */;

-- Dump completed on 2026-01-25  0:49:08
